lambda,transition
0.9665462813301294,2021–2022
0.998500406488562,2021–2022
0.9569021391586465,2021–2022
0.9652629055053333,2021–2022
0.9846282150124113,2021–2022
0.921732121176814,2021–2022
0.9959398290391847,2021–2022
0.9627544951456087,2021–2022
0.9430943414266616,2021–2022
0.9659289108273406,2021–2022
0.9945100311685744,2021–2022
0.9928967314779532,2021–2022
0.9538715567672857,2021–2022
0.9976617295713718,2021–2022
0.980265903042811,2021–2022
0.8976294495839191,2021–2022
0.9665196911203555,2021–2022
0.9587965519400742,2021–2022
0.9310520304388936,2021–2022
0.9810378745158851,2021–2022
0.969890107744329,2021–2022
0.9892294768935542,2021–2022
0.9760682638472202,2021–2022
0.9876671664444665,2021–2022
0.9950267751718502,2021–2022
0.9674345097498671,2021–2022
0.9535740486868344,2021–2022
0.963165249646368,2021–2022
0.9844172222685889,2021–2022
0.984869212583969,2021–2022
0.99901945545852,2021–2022
0.984164869721135,2021–2022
0.9307059911026627,2021–2022
0.9797430371746177,2021–2022
0.9961824647290937,2021–2022
0.9695381148477379,2021–2022
0.9987024377262053,2021–2022
0.9345234825321312,2021–2022
0.9883891037403711,2021–2022
0.8896675511611871,2021–2022
0.9400498366982921,2021–2022
0.9923967459098543,2021–2022
0.9928881123912181,2021–2022
0.9700868135592058,2021–2022
0.9718342708824989,2021–2022
0.9627091274032533,2021–2022
0.9016541261764631,2021–2022
0.9604828547741855,2021–2022
0.9643452025968828,2021–2022
0.9184183589537893,2021–2022
0.9025576802198451,2021–2022
0.9778563612091693,2021–2022
0.9600990638510424,2021–2022
0.9946812132435793,2021–2022
0.8960332992777539,2021–2022
0.9147331842717804,2021–2022
0.9813778474262254,2021–2022
0.9192856905450643,2021–2022
0.9826580572144212,2021–2022
0.9862951483151463,2021–2022
0.9979813891444508,2021–2022
0.9607219994037589,2021–2022
0.9273338380310323,2021–2022
0.958261125881665,2021–2022
0.9497600988553216,2021–2022
0.9267874713860507,2021–2022
0.9727330554001498,2021–2022
0.9237263804010069,2021–2022
0.9945750676859028,2021–2022
0.9929138445677468,2021–2022
0.9122643791796904,2021–2022
0.9981901455127846,2021–2022
0.961660672551469,2021–2022
0.9246529365452417,2021–2022
0.9871946874826385,2021–2022
0.9996291140774918,2021–2022
0.9635179366297324,2021–2022
0.9950650352656523,2021–2022
0.9875303297470466,2021–2022
0.9307699944690004,2021–2022
0.9758357899607614,2021–2022
0.9479113177692144,2021–2022
0.9878816552199982,2021–2022
0.8485961509507872,2021–2022
0.9832063380056795,2021–2022
0.9804001232723083,2021–2022
0.9894919675765834,2021–2022
0.95806483552684,2021–2022
0.9838054848095833,2021–2022
0.9961082379754327,2021–2022
0.9316321733502091,2021–2022
0.9585999079626982,2021–2022
0.9877157038852362,2021–2022
0.9643130584223356,2021–2022
0.9568842433983792,2021–2022
0.981781534231765,2021–2022
0.9490997779854412,2021–2022
0.9430389556514117,2021–2022
0.9770490229867286,2021–2022
0.967550993674841,2021–2022
0.945132289895611,2021–2022
0.8922418832024605,2021–2022
0.9904013873517497,2021–2022
0.9747559093310219,2021–2022
0.9796725866338337,2021–2022
0.9501053895760163,2021–2022
0.9585185617997362,2021–2022
0.9517287376745132,2021–2022
0.9241355042272549,2021–2022
0.9986600605123033,2021–2022
0.975223540230118,2021–2022
0.981004187496021,2021–2022
0.97156648551329,2021–2022
0.9084690365544786,2021–2022
0.9872836371847356,2021–2022
0.9528715058596539,2021–2022
0.9994971062570485,2021–2022
0.9468065758356464,2021–2022
0.9530420054582127,2021–2022
0.9660157975314162,2021–2022
0.9826624330880879,2021–2022
0.997829886407953,2021–2022
0.9556612309902117,2021–2022
0.95916196144408,2021–2022
0.9657727879317088,2021–2022
0.934911121589479,2021–2022
0.9964607098175079,2021–2022
0.9303498685763393,2021–2022
0.9842048393230411,2021–2022
0.9240117563244014,2021–2022
0.9788145731528776,2021–2022
0.9972181038850629,2021–2022
0.9765433895179975,2021–2022
0.9682138595250858,2021–2022
0.9914382407237461,2021–2022
0.9536251650619961,2021–2022
0.9899167792664357,2021–2022
0.9615303930394269,2021–2022
0.9818643352127487,2021–2022
0.9422740152214738,2021–2022
0.972901192848905,2021–2022
0.9588897952416612,2021–2022
0.9808853255819403,2021–2022
0.9912316347657147,2021–2022
0.9863955697595713,2021–2022
0.9555374119501833,2021–2022
0.9374551912653654,2021–2022
0.9913736183518009,2021–2022
0.9977674999877987,2021–2022
0.9868212024674533,2021–2022
0.9886823064409318,2021–2022
0.9973399810027869,2021–2022
0.9906849699798339,2021–2022
0.9708272602730322,2021–2022
0.8901661482589469,2021–2022
0.9466553584407412,2021–2022
0.9877867940057814,2021–2022
0.9981186123381636,2021–2022
0.9160316592561331,2021–2022
0.9994054178256381,2021–2022
0.9994384320969213,2021–2022
0.9691951375138056,2021–2022
0.9468305763523784,2021–2022
0.9804781572187092,2021–2022
0.9175818659113902,2021–2022
0.9982720875879915,2021–2022
0.9235703618293923,2021–2022
0.9541836498716727,2021–2022
0.9593756183464951,2021–2022
0.99672839020493,2021–2022
0.8777617267291105,2021–2022
0.9866956212441529,2021–2022
0.9555703068745726,2021–2022
0.9548127671781257,2021–2022
0.9878323123978123,2021–2022
0.9429604499591915,2021–2022
0.9510305379674637,2021–2022
0.9983604290267131,2021–2022
0.916403035404602,2021–2022
0.9941401632107655,2021–2022
0.9892665632964811,2021–2022
0.9399312866973627,2021–2022
0.9797485746546998,2021–2022
0.9732946396230199,2021–2022
0.9896790201915784,2021–2022
0.9270740716036259,2021–2022
0.8847334018806748,2021–2022
0.9623818676493688,2021–2022
0.9932302658890886,2021–2022
0.9849001204966142,2021–2022
0.9138925408657759,2021–2022
0.9254251137152293,2021–2022
0.9761292454762218,2021–2022
0.9813947607824693,2021–2022
0.9075419741348763,2021–2022
0.9973265309523959,2021–2022
0.9110999508237003,2021–2022
0.9584981008368328,2021–2022
0.972538434014684,2021–2022
0.9754812830289449,2021–2022
0.8912598289755431,2021–2022
0.9989139652653539,2021–2022
0.9653068856252061,2021–2022
0.9443330191809576,2021–2022
0.9867457137808613,2021–2022
0.9861343153280598,2021–2022
0.9510214329558362,2021–2022
0.9713680974296802,2021–2022
0.9562965454642003,2021–2022
0.98066282070512,2021–2022
0.9194018718416954,2021–2022
0.9649357685307993,2021–2022
0.9355791377132013,2021–2022
0.9638692787448377,2021–2022
0.9631827558038273,2021–2022
0.9550754292947818,2021–2022
0.9769516584465003,2021–2022
0.9715572977094263,2021–2022
0.9792998823659838,2021–2022
0.9665493931653364,2021–2022
0.9857765951510727,2021–2022
0.9956949363960786,2021–2022
0.9672187806905428,2021–2022
0.9595087912251831,2021–2022
0.9302940369896147,2021–2022
0.9032955643600272,2021–2022
0.9253912295036364,2021–2022
0.9961610602720051,2021–2022
0.9991794089727649,2021–2022
0.9927746365244524,2021–2022
0.9795166364044382,2021–2022
0.9934175810082775,2021–2022
0.9743189645921189,2021–2022
0.9374805856190181,2021–2022
0.9528990933357021,2021–2022
0.972191456615666,2021–2022
0.9948655837160902,2021–2022
0.9660417461666645,2021–2022
0.9525511747547454,2021–2022
0.9935272225720033,2021–2022
0.9974426133476718,2021–2022
0.9807985362449329,2021–2022
0.8955449474092538,2021–2022
0.9330207422447884,2021–2022
0.9921811072362412,2021–2022
0.9723800703402,2021–2022
0.9984394689819317,2021–2022
0.9297292172953113,2021–2022
0.9753324327860369,2021–2022
0.9976304980588946,2021–2022
0.9808526683182194,2021–2022
0.9565767121853642,2021–2022
0.9401799183698957,2021–2022
0.905516289221022,2021–2022
0.9930587891883278,2021–2022
0.9245540849388412,2021–2022
0.9923611825507197,2021–2022
0.9822469553142362,2021–2022
0.9369365735435199,2021–2022
0.9533830673472838,2021–2022
0.9323522029810748,2021–2022
0.9579528831021138,2021–2022
0.9552398365881025,2021–2022
0.9231998176195062,2021–2022
0.9752736233832711,2021–2022
0.9866130980242516,2021–2022
0.9967860842325603,2021–2022
0.9533220536457829,2021–2022
0.9737878274283468,2021–2022
0.9964159394848446,2021–2022
0.9888384712510917,2021–2022
0.9425821785924324,2021–2022
0.9649890633906877,2021–2022
0.9819798365992485,2021–2022
0.9181475332567309,2021–2022
0.9711820613309143,2021–2022
0.9749434799768085,2021–2022
0.9330245193987816,2021–2022
0.8985238805066059,2021–2022
0.9781374435493683,2021–2022
0.9453771189776494,2021–2022
0.9812110852403307,2021–2022
0.9416115596484604,2021–2022
0.9187846069650628,2021–2022
0.9001620254766703,2021–2022
0.9239296313902337,2021–2022
0.9963408590200051,2021–2022
0.969976692785956,2021–2022
0.980139315959062,2021–2022
0.988016388757181,2021–2022
0.9825764439827858,2021–2022
0.9854024984964963,2021–2022
0.9993613550721252,2021–2022
0.9281502906967595,2021–2022
0.9507168999930653,2021–2022
0.9680604449331672,2021–2022
0.9388428321896701,2021–2022
0.9744137088659537,2021–2022
0.9190106815915822,2021–2022
0.9192053453711221,2021–2022
0.9782876232055717,2021–2022
0.9948776230807959,2021–2022
0.9553597407780905,2021–2022
0.9079128710017933,2021–2022
0.9967089216140871,2021–2022
0.9870075971289991,2021–2022
0.9685215951796751,2021–2022
0.9853926589627294,2021–2022
0.9037244467043197,2021–2022
0.9875055589729003,2021–2022
0.8877949863536903,2021–2022
0.9299479172967585,2021–2022
0.9237425817760095,2021–2022
0.9887808030736635,2021–2022
0.9533456036588733,2021–2022
0.9501666147186968,2021–2022
0.9231495913863342,2021–2022
0.9822216450025841,2021–2022
0.9124981298761385,2021–2022
0.9509196352241298,2021–2022
0.9801938884139355,2021–2022
0.912145961560889,2021–2022
0.930228309531705,2021–2022
0.9063547249735007,2021–2022
0.8788302626578086,2021–2022
0.9355130729345231,2021–2022
0.9910954651248297,2021–2022
0.9962641574201113,2021–2022
0.9893107066897239,2021–2022
0.945219416541652,2021–2022
0.8881155500941635,2021–2022
0.9470955604590314,2021–2022
0.9861460703964681,2021–2022
0.9707101772677159,2021–2022
0.9740551303045782,2021–2022
0.9886116625351692,2021–2022
0.9576780104414879,2021–2022
0.9870272377794975,2021–2022
0.9296012176902031,2021–2022
0.9392295136728837,2021–2022
0.940698158710478,2021–2022
0.9803571941765185,2021–2022
0.9380490821732225,2021–2022
0.9772340668647862,2021–2022
0.9073148802618981,2021–2022
0.9884092973946891,2021–2022
0.9917853633460224,2021–2022
0.9808121021651752,2021–2022
0.9913008542859394,2021–2022
0.9989343976918992,2021–2022
0.9797863843372783,2021–2022
0.9843657366208617,2021–2022
0.9829785232496328,2021–2022
0.9662049261839827,2021–2022
0.9837375274884902,2021–2022
0.9215092006541675,2021–2022
0.9603088426171793,2021–2022
0.9475345893191923,2021–2022
0.9919783406189467,2021–2022
0.9987367401981481,2021–2022
0.9143642545728586,2021–2022
0.9878237994995644,2021–2022
0.856063238387269,2021–2022
0.9554420411156727,2021–2022
0.9461119255896115,2021–2022
0.956081119106557,2021–2022
0.928937480560864,2021–2022
0.9899870396079709,2021–2022
0.9641668461289175,2021–2022
0.9488598244391903,2021–2022
0.9801446325002438,2021–2022
0.9468899098947698,2021–2022
0.9150530549787899,2021–2022
0.9092532589626582,2021–2022
0.9303712281914048,2021–2022
0.9906115567991033,2021–2022
0.999506744498337,2021–2022
0.9599387363783201,2021–2022
0.9765203278545274,2021–2022
0.9852580309145541,2021–2022
0.9906844089898859,2021–2022
0.898580751344215,2021–2022
0.9898224101131858,2021–2022
0.93788201089705725,2021–2022
0.9526671720108415,2021–2022
0.9915398676443754,2021–2022
0.9852798564897132,2021–2022
0.9949459489237225,2021–2022
0.9967451935155761,2021–2022
0.9181689988937424,2021–2022
0.9938558032384114,2021–2022
0.9931200510367584,2021–2022
0.9201509341230864,2021–2022
0.9535486295015367,2021–2022
0.9811039459225305,2021–2022
0.9476329857969793,2021–2022
0.979481602310222,2021–2022
0.9712323835204969,2021–2022
0.9615017241448827,2021–2022
0.9921197700339436,2021–2022
0.9815611797487146,2021–2022
0.9985573097617075,2021–2022
0.9650431078227263,2021–2022
0.9379935806852026,2021–2022
0.97540694635526215,2021–2022
0.980511014251625,2021–2022
0.9425042050473835,2021–2022
0.9528452193436067,2021–2022
0.8896096333435611,2021–2022
0.9220430846794455,2021–2022
0.9610189537104998,2021–2022
0.9764970525659202,2021–2022
0.9899404400601658,2021–2022
0.9387107417098508,2021–2022
0.926581544473802,2021–2022
0.9673929742197512,2021–2022
0.9882684852764634,2021–2022
0.9597719261317043,2021–2022
0.9821256812820057,2021–2022
0.9932056183215716,2021–2022
0.9659897661751039,2021–2022
0.98225072746775,2021–2022
0.9853800783826849,2021–2022
0.9102199916233557,2021–2022
0.9909669527650988,2021–2022
0.964686796567779,2021–2022
0.9447881467330994,2021–2022
0.9856287039286901,2021–2022
0.9240085192707237,2021–2022
0.9613575644911185,2021–2022
0.9582332861944485,2021–2022
0.9592990867858433,2021–2022
0.9709738432832694,2021–2022
0.9796227950567357,2021–2022
0.9941400493644461,2021–2022
0.9896836763215642,2021–2022
0.9172646562460548,2021–2022
0.9554078677575438,2021–2022
0.9852557362871929,2021–2022
0.9133703637789314,2021–2022
0.9916928316005144,2021–2022
0.9170279939406432,2021–2022
0.9790146444592951,2021–2022
0.9502702628243018,2021–2022
0.9649427124752235,2021–2022
0.9735604785197653,2021–2022
0.959435787085733,2021–2022
0.9180723131351607,2021–2022
0.9120661625096118,2021–2022
0.9440774774275887,2021–2022
0.9191723155597671,2021–2022
0.9944392216931164,2021–2022
0.9462899232514507,2021–2022
0.9941993838711646,2021–2022
0.9971338263679502,2021–2022
0.9987413600680316,2021–2022
0.9888898182216652,2021–2022
0.947617990034843,2021–2022
0.9863751727931112,2021–2022
0.96481953093478,2021–2022
0.9428180498201171,2021–2022
0.9111464195766555,2021–2022
0.9492641665385025,2021–2022
0.9886105802628183,2021–2022
0.935767335592615,2021–2022
0.9934105235890286,2021–2022
0.9662521432227911,2021–2022
0.9782052995207016,2021–2022
0.9916283214933044,2021–2022
0.96181911390378,2021–2022
0.9606835919658435,2021–2022
0.9091806197897502,2021–2022
0.99686193849808,2021–2022
0.9945201034622191,2021–2022
0.9201405421312798,2021–2022
0.9831594573180681,2021–2022
0.9816408912109976,2021–2022
0.9744513918608221,2021–2022
0.9906813828366109,2021–2022
0.940274755152862,2021–2022
0.9734049893886589,2021–2022
0.9982903983606114,2021–2022
0.9740101042521283,2021–2022
0.983616275249699,2021–2022
0.9498650475848738,2021–2022
0.9963086123072094,2021–2022
0.9903050636419489,2021–2022
0.9522209778305065,2021–2022
0.9175340347032246,2021–2022
0.9625561658031689,2021–2022
0.9727962287690364,2021–2022
0.9429424059538124,2021–2022
0.9875930547178494,2021–2022
0.9539499849034927,2021–2022
0.9899374070960753,2021–2022
0.9974152900507057,2021–2022
0.9758448307741339,2021–2022
0.9243807984869901,2021–2022
0.9794482183902078,2021–2022
0.9237897833526726,2021–2022
0.9617487589531675,2021–2022
0.9748740055413797,2021–2022
0.9909007206239757,2021–2022
0.9778509154271852,2021–2022
0.953042957045008,2021–2022
0.9173127721643617,2021–2022
0.9925349464210454,2021–2022
0.9588492741165082,2021–2022
0.9473782803835564,2021–2022
0.884165365229515,2021–2022
0.9987470637941047,2021–2022
0.9634138487576843,2021–2022
0.9213471241706127,2021–2022
0.9309906077485154,2021–2022
0.9284407227310916,2021–2022
0.9826805657215127,2021–2022
0.9256460569746378,2021–2022
0.971326687453298,2021–2022
0.9395060708026876,2021–2022
0.9918571686869809,2021–2022
0.9818358828476016,2021–2022
0.9526097522921121,2021–2022
0.9915270883414117,2021–2022
0.9187329690594933,2021–2022
0.8955510194635761,2021–2022
0.9798938979265489,2021–2022
0.9385141491412645,2021–2022
0.9986991772470933,2021–2022
0.9739986936686974,2021–2022
0.9801939293429814,2021–2022
0.9284075394194838,2021–2022
0.9865748835072113,2021–2022
0.9989825892811659,2021–2022
0.9703738574996755,2021–2022
0.8848045811717609,2021–2022
0.9479156727072856,2021–2022
0.9494482848505059,2021–2022
0.992397547662847,2021–2022
0.9780669063152723,2021–2022
0.9785636659423625,2021–2022
0.9910697760176086,2021–2022
0.9324562428217847,2021–2022
0.9898114102026947,2021–2022
0.9930989218880307,2021–2022
0.906248562085522,2021–2022
0.9439887509614783,2021–2022
0.9553461644636968,2021–2022
0.9428166041067929,2021–2022
0.9071309814296187,2021–2022
0.9921067492717419,2021–2022
0.9892919996305639,2021–2022
0.9549981341736317,2021–2022
0.9045681091664151,2021–2022
0.9506371555792704,2021–2022
0.9928887410433846,2021–2022
0.9684734360348762,2021–2022
0.992083765622702,2021–2022
0.9795669527065944,2021–2022
0.956734639058198,2021–2022
0.9909053602538893,2021–2022
0.991507369322385,2021–2022
0.9599079285357344,2021–2022
0.9943630958220679,2021–2022
0.9546209690533372,2021–2022
0.9406780849034013,2021–2022
0.9760582033276183,2021–2022
0.9374702741413331,2021–2022
0.9325694076555778,2021–2022
0.9387124116353687,2021–2022
0.9496078766678516,2021–2022
0.9845383196068248,2021–2022
0.9806647073385033,2021–2022
0.995041702451446,2021–2022
0.9489208640767388,2021–2022
0.9298218746444534,2021–2022
0.9319673135946285,2021–2022
0.976744386237858,2021–2022
0.9907705304065842,2021–2022
0.9257956249773265,2021–2022
0.9306203158979469,2021–2022
0.9828015122732254,2021–2022
0.9903257119577813,2021–2022
0.9165305742653446,2021–2022
0.9115389069382499,2021–2022
0.9271723296323531,2021–2022
0.9927350687025485,2021–2022
0.9752845468419618,2021–2022
0.8987069086062659,2021–2022
0.9991290789222592,2021–2022
0.9840229164527551,2021–2022
0.9862519821364419,2021–2022
0.9978180836532418,2021–2022
0.994290498270318,2021–2022
0.9986269569087171,2021–2022
0.9706019278130401,2021–2022
0.9325601520463918,2021–2022
0.9597459789857475,2021–2022
0.9332669523892382,2021–2022
0.9470567867732514,2021–2022
0.9310473614924856,2021–2022
0.9082006903423492,2021–2022
0.9987447600377973,2021–2022
0.9690139173767285,2021–2022
0.9648300007347362,2021–2022
0.9807836377580693,2021–2022
0.9933886923019143,2021–2022
0.925920400108413,2021–2022
0.9526355962374161,2021–2022
0.9200234818407879,2021–2022
0.8777724689471973,2021–2022
0.975674556321578,2021–2022
0.9962298613822701,2021–2022
0.9350494666671675,2021–2022
0.982511856289367,2021–2022
0.9942180439603445,2021–2022
0.9957030009883457,2021–2022
0.9555475743391411,2021–2022
0.9442767178538127,2021–2022
0.9959924321579021,2021–2022
0.9529410585221627,2021–2022
0.974381269989386,2021–2022
0.9623610988200462,2021–2022
0.9963805599278123,2021–2022
0.986238700104229,2021–2022
0.9654164277702387,2021–2022
0.9717712320666779,2021–2022
0.9070804732635327,2021–2022
0.9764367231358346,2021–2022
0.9385919098165244,2021–2022
0.9471641744908174,2021–2022
0.9887303082432167,2021–2022
0.9223468783877748,2021–2022
0.9168962469629929,2021–2022
0.9596695323620809,2021–2022
0.996850281775938,2021–2022
0.9546983214189324,2021–2022
0.9398972148934809,2021–2022
0.8387823440667402,2021–2022
0.9446974422005071,2021–2022
0.9561529935526415,2021–2022
0.9674548736563965,2021–2022
0.9981188882435778,2021–2022
0.9801205787433297,2021–2022
0.9944944159209208,2021–2022
0.9849354977467157,2021–2022
0.9511474423439406,2021–2022
0.9386285603333148,2021–2022
0.95103646598754,2021–2022
0.9981997338235147,2021–2022
0.9804826425278502,2021–2022
0.9882293331806687,2021–2022
0.940177040361372,2021–2022
0.9676315724872484,2021–2022
0.9973917043447872,2021–2022
0.9769078069746794,2021–2022
0.8953572076365159,2021–2022
0.981123606563019,2021–2022
0.9922442065138672,2021–2022
0.9603461622436317,2021–2022
0.975198231488651,2021–2022
0.9608615193389087,2021–2022
0.9426446616642794,2021–2022
0.9827069234503155,2021–2022
0.9558087525324844,2021–2022
0.9904304175570661,2021–2022
0.9347692413893356,2021–2022
0.9798036054438604,2021–2022
0.983608355796891,2021–2022
0.9829341644163467,2021–2022
0.9902575408650665,2021–2022
0.8818264521142245,2021–2022
0.9902890064311339,2021–2022
0.9201493074996778,2021–2022
0.997051787551347,2021–2022
0.9480261261944881,2021–2022
0.9750058069343851,2021–2022
0.9480987521561535,2021–2022
0.9781864765703379,2021–2022
0.9640408119020466,2021–2022
0.996335847913893,2021–2022
0.9197620373849943,2021–2022
0.9932707437348135,2021–2022
0.9661138033628885,2021–2022
0.9582496343652129,2021–2022
0.9889528935238098,2021–2022
0.9509102035755868,2021–2022
0.9855472834960906,2021–2022
0.9325880838842341,2021–2022
0.9649287024703525,2021–2022
0.9903492140260676,2021–2022
0.9190941228097451,2021–2022
0.9673059630621369,2021–2022
0.9684175053036856,2021–2022
0.9313155999237224,2021–2022
0.9177286853813738,2021–2022
0.9738247194385588,2021–2022
0.9891811825734692,2021–2022
0.9887000637438725,2021–2022
0.9935669000976708,2021–2022
0.961253815655397,2021–2022
0.9681372130476412,2021–2022
0.9933474523611068,2021–2022
0.9210986110867051,2021–2022
0.9431758864168721,2021–2022
0.9690555575451695,2021–2022
0.9947969376939988,2021–2022
0.9864716647093167,2021–2022
0.9698180764148236,2021–2022
0.976258269418199,2021–2022
0.9610824113115897,2021–2022
0.9476157646799814,2021–2022
0.9706370716521828,2021–2022
0.9994052295056199,2021–2022
0.9878360204854372,2021–2022
0.9246728644498295,2021–2022
0.9900826367918639,2021–2022
0.9046591412752112,2021–2022
0.9510561847281378,2021–2022
0.9876935224806975,2021–2022
0.9708527597076899,2021–2022
0.985229800758132,2021–2022
0.9695431553066968,2021–2022
0.9949463283075217,2021–2022
0.9923765832027287,2021–2022
0.9599358007224541,2021–2022
0.9774138303685426,2021–2022
0.9318742992708289,2021–2022
0.9173522354416705,2021–2022
0.9806660373589465,2021–2022
0.9989225402390124,2021–2022
0.884091075837269,2021–2022
0.980089581871887,2021–2022
0.9916072951413479,2021–2022
0.9570352596502724,2021–2022
0.9900807687740478,2021–2022
0.9955904065747957,2021–2022
0.9828510462605562,2021–2022
0.9854061130473648,2021–2022
0.9894130664968478,2021–2022
0.9711376439932008,2021–2022
0.9511324721436545,2021–2022
0.963433104598351,2021–2022
0.9947306034493884,2021–2022
0.9911825548700983,2021–2022
0.9812178056591213,2021–2022
0.945930299147742,2021–2022
0.9379271035117435,2021–2022
0.9357874275690626,2021–2022
0.9762257415746606,2021–2022
0.9391696617765999,2021–2022
0.9451552788790364,2021–2022
0.9457489446515438,2021–2022
0.9832641132127778,2021–2022
0.9828692855186187,2021–2022
0.9226029846524311,2021–2022
0.9877242988591763,2021–2022
0.9833108420055756,2021–2022
0.9829782284848338,2021–2022
0.9612489214935748,2021–2022
0.9005828588138891,2021–2022
0.9241828685868654,2021–2022
0.9973888095851007,2021–2022
0.9638645536540827,2021–2022
0.9954214956555328,2021–2022
0.9863935661003482,2021–2022
0.9944649768886336,2021–2022
0.9998833400897641,2021–2022
0.9087747448631771,2021–2022
0.9900415976893082,2021–2022
0.9923128205516519,2021–2022
0.9600263306021952,2021–2022
0.943358023064134,2021–2022
0.9212045192518746,2021–2022
0.9575155327014363,2021–2022
0.98213832760137465,2021–2022
0.8978834029152282,2021–2022
0.9542841358737904,2021–2022
0.9398491933510802,2021–2022
0.9820705404351135,2021–2022
0.9687755536838953,2021–2022
0.9942184006820451,2021–2022
0.990209343993435,2021–2022
0.9165622782423828,2021–2022
0.9767858340210819,2021–2022
0.9280181038778292,2021–2022
0.9735733770857878,2021–2022
0.968406666737032,2021–2022
0.9963014224245509,2021–2022
0.9968518876926428,2021–2022
0.8994122583083699,2021–2022
0.9974931203369397,2021–2022
0.983991430121831,2021–2022
0.9988597212296103,2021–2022
0.9752485349012809,2021–2022
0.9772171069076953,2021–2022
0.9809575145232474,2021–2022
0.9866893938123298,2021–2022
0.9477796809534275,2021–2022
0.9650499686491831,2021–2022
0.9409333702636182,2021–2022
0.92295515849693,2021–2022
0.9226886394749491,2021–2022
0.9227330156179028,2021–2022
0.9832777583108817,2021–2022
0.9874435010407423,2021–2022
0.9130107487329939,2021–2022
0.9764996135554456,2021–2022
0.9355838519947829,2021–2022
0.9962321654872444,2021–2022
0.9984801622151032,2021–2022
0.94641915053029,2021–2022
0.9724068132040331,2021–2022
0.9924345016330338,2021–2022
0.8872969069703008,2021–2022
0.9996715644471279,2021–2022
0.9951342495166029,2021–2022
0.9452742367353375,2021–2022
0.9626213713249501,2021–2022
0.9901020595386579,2021–2022
0.9365975070623567,2021–2022
0.9114938827084884,2021–2022
0.8681463727651757,2021–2022
0.9705284043068874,2021–2022
0.992217629886451,2021–2022
0.9884202812190647,2021–2022
0.9847598503944354,2021–2022
0.9270384347016084,2021–2022
0.9462718986366649,2021–2022
0.9300138691212533,2021–2022
0.9918700466248358,2021–2022
0.9889029875899189,2021–2022
0.9420996707570962,2021–2022
0.9606803665867537,2021–2022
0.9942064158264865,2021–2022
0.9656420301099903,2021–2022
0.9485641133047545,2021–2022
0.9863709001488538,2021–2022
0.9517520262612427,2021–2022
0.9436494189129163,2021–2022
0.9776321492265228,2021–2022
0.9392803983873513,2021–2022
0.9869594760603012,2021–2022
0.9783924424813507,2021–2022
0.9434026634426799,2021–2022
0.8861265491007269,2021–2022
0.9804728830870587,2021–2022
0.9710234896760793,2021–2022
0.9807058718925316,2021–2022
0.9316109262597857,2021–2022
0.9845683612800106,2021–2022
0.9706635474191597,2021–2022
0.9869000822368513,2021–2022
0.957917133049306,2021–2022
0.9164883157878487,2021–2022
0.8996364041865985,2021–2022
0.9926486951709234,2021–2022
0.9621604681767999,2021–2022
0.9698110763209665,2021–2022
0.9526217018068426,2021–2022
0.9389439983664208,2021–2022
0.9380394474093031,2021–2022
0.9663277322516333,2021–2022
0.9511578526609505,2021–2022
0.9478765392462457,2021–2022
0.9558674524657675,2021–2022
0.9889520908902169,2021–2022
0.9695084318081088,2021–2022
0.9492317711206149,2021–2022
0.9930671608734479,2021–2022
0.9794695789480781,2021–2022
0.9786471217404122,2021–2022
0.9793076530711681,2021–2022
0.9994184026078226,2021–2022
0.9551234049829082,2021–2022
0.9804206949645505,2021–2022
0.9433637737489307,2021–2022
0.9698551582688006,2021–2022
0.9412483996021028,2021–2022
0.9913122557788172,2021–2022
0.9779778378839092,2021–2022
0.955056141612192,2021–2022
0.9499708327997,2021–2022
0.9658120306680152,2021–2022
0.9040240058440497,2021–2022
0.9815717858559412,2021–2022
0.9275698355106288,2021–2022
0.9429516550672374,2021–2022
0.9992446331269034,2021–2022
0.9614157135763449,2021–2022
0.94885712803082,2021–2022
0.986728509108429,2021–2022
0.983616453162753,2021–2022
0.9506354890627742,2021–2022
0.9507368064957972,2021–2022
0.9902412259681997,2021–2022
0.9946659392458186,2021–2022
0.9481412114906769,2021–2022
0.9428398970055882,2021–2022
0.9505055532902992,2021–2022
0.9655510310138828,2021–2022
0.9327546381603129,2021–2022
0.9928374878870505,2021–2022
0.9489875747810469,2021–2022
0.985460391201679,2021–2022
0.9905761261709126,2021–2022
0.9717307794073091,2021–2022
0.9119023004452808,2021–2022
0.8877055904421718,2021–2022
0.9917831603219943,2021–2022
0.9594314303542576,2021–2022
0.9520457104936981,2021–2022
0.9641265841520305,2021–2022
0.929125291612852,2021–2022
0.99191800240471,2021–2022
0.9466775873708951,2021–2022
0.9917011624011928,2021–2022
0.98202301595273,2021–2022
0.997543670682383,2021–2022
0.9982476775945719,2021–2022
0.9408708184564117,2021–2022
0.9948829940713206,2021–2022
0.9003735728638338,2021–2022
0.9764825347819636,2021–2022
0.9881895196606963,2021–2022
0.9708198224175606,2021–2022
0.9774448140855702,2021–2022
0.9556995315510147,2021–2022
0.9966629789461419,2021–2022
0.9761948674205517,2021–2022
0.9559612902221055,2021–2022
0.9553456283613844,2021–2022
0.9804712014856491,2021–2022
0.9943585088890763,2021–2022
0.9766487913300841,2021–2022
0.9674421132457992,2021–2022
0.9988515475257849,2021–2022
0.9412708391301847,2021–2022
0.8869960806949007,2021–2022
0.870573969924147,2021–2022
0.8622504742757864,2021–2022
0.9816983527814113,2021–2022
0.9980547549462427,2021–2022
0.9462076264090561,2021–2022
0.9267453292703904,2021–2022
0.947029906113954,2021–2022
0.929307486698384,2021–2022
0.9939596462411967,2021–2022
0.9890412801984101,2021–2022
0.92431118797295575,2021–2022
0.9885870438421842,2021–2022
0.9413945155954622,2021–2022
0.9761382007021641,2021–2022
0.9224602574506677,2021–2022
0.9355345445549389,2021–2022
0.9510141222489387,2021–2022
0.9853793246668914,2021–2022
0.9780802950876889,2021–2022
0.9131753836672998,2021–2022
0.9932754918801021,2021–2022
0.961269763734946,2021–2022
0.910660016330521,2021–2022
0.9894244314544978,2021–2022
0.966483677560084,2021–2022
0.9620140171363675,2021–2022
0.9717728341441112,2021–2022
0.9438815497274152,2021–2022
0.9902583096107439,2021–2022
0.9867917548116404,2021–2022
0.9827530919986316,2021–2022
0.9691586372182487,2021–2022
0.9673204381123268,2021–2022
0.9610559822777951,2021–2022
0.9153898614602514,2021–2022
0.9987162538658074,2021–2022
0.9879711647968922,2021–2022
0.9877630740272555,2021–2022
0.9608221731152,2021–2022
0.9811231884355412,2021–2022
0.9190736311356729,2021–2022
0.9831593224974428,2021–2022
0.9315952706246337,2021–2022
0.968994588884181,2021–2022
0.9515956788523625,2021–2022
0.9940343707023084,2021–2022
0.9283792387284182,2021–2022
0.9866970912213155,2021–2022
0.9197513004337886,2021–2022
0.9965244059965949,2021–2022
0.9141273867237081,2021–2022
0.9563326962252836,2021–2022
0.9772790401567101,2021–2022
0.9896909350657724,2021–2022
0.984795902599748,2021–2022
0.9885545624298415,2021–2022
0.9799304836923135,2021–2022
0.9462672212157406,2021–2022
0.980371842979064,2021–2022
0.9768495911701884,2021–2022
0.9713215135200329,2021–2022
0.9254115785810337,2021–2022
0.8817352868302277,2022–2023
0.8661900693202976,2022–2023
0.9628044992268867,2022–2023
0.8913158744848192,2022–2023
0.9314977656380605,2022–2023
0.7956170815560727,2022–2023
0.8942601072501093,2022–2023
0.9504337024715984,2022–2023
0.9810433962063267,2022–2023
0.8564680097693265,2022–2023
0.9728384363099033,2022–2023
0.878780020774252,2022–2023
0.8513128863121386,2022–2023
0.9198136281879561,2022–2023
0.973134188728269,2022–2023
0.9565394195716297,2022–2023
0.7733276790040858,2022–2023
0.9310598132463976,2022–2023
0.8559382462580946,2022–2023
0.8823806288000848,2022–2023
0.9330222487472691,2022–2023
0.8615700859651636,2022–2023
0.9958863896795372,2022–2023
0.9104753296582215,2022–2023
0.9654439256359748,2022–2023
0.9361621578217945,2022–2023
0.9228643202865925,2022–2023
0.9210162619265136,2022–2023
0.9489635198573654,2022–2023
0.9717815962296239,2022–2023
0.9732238986110822,2022–2023
0.8875916590428933,2022–2023
0.8808968806136711,2022–2023
0.8929487392071894,2022–2023
0.8638739119249134,2022–2023
0.9420018783114685,2022–2023
0.7980177910431596,2022–2023
0.8818506057676166,2022–2023
0.9070860730450903,2022–2023
0.9497559692631125,2022–2023
0.9909788382934787,2022–2023
0.8987918984264381,2022–2023
0.8851667511191557,2022–2023
0.9460659189514798,2022–2023
0.8794745930122305,2022–2023
0.8584006201488151,2022–2023
0.9448091024408956,2022–2023
0.9444043710564479,2022–2023
0.8504231748648907,2022–2023
0.854647334585078,2022–2023
0.8659302127235305,2022–2023
0.8725573255654817,2022–2023
0.8837612822743848,2022–2023
0.9420798179113017,2022–2023
0.9257930389124074,2022–2023
0.9175160699212423,2022–2023
0.8492827404404002,2022–2023
0.971262450525494,2022–2023
0.8766648418567369,2022–2023
0.9320730312144001,2022–2023
0.792303035299068,2022–2023
0.8959323104054482,2022–2023
0.9403368462663427,2022–2023
0.9034389367112641,2022–2023
0.9615476322822223,2022–2023
0.8801174857753608,2022–2023
0.830113884449591,2022–2023
0.9171643633347676,2022–2023
0.9760402611958169,2022–2023
0.9271262775433994,2022–2023
0.8460722377342736,2022–2023
0.9446608786558658,2022–2023
0.7597247650834263,2022–2023
0.809717414665029,2022–2023
0.8417882267953978,2022–2023
0.9337387657922709,2022–2023
0.9038491992800858,2022–2023
0.9063628437249199,2022–2023
0.8349118636945448,2022–2023
0.920860839595566,2022–2023
0.8069238248004271,2022–2023
0.8531468440927166,2022–2023
0.9762920993063904,2022–2023
0.846871238883474,2022–2023
0.8631883829532324,2022–2023
0.8508594695444958,2022–2023
0.9475388051749523,2022–2023
0.9817163206508269,2022–2023
0.867344354024246,2022–2023
0.8707544126026655,2022–2023
0.9678200615894623,2022–2023
0.8946594788833655,2022–2023
0.8719594552787951,2022–2023
0.7792691754880235,2022–2023
0.9200301817299996,2022–2023
0.8134257806617636,2022–2023
0.9405522716699591,2022–2023
0.9458957482137318,2022–2023
0.8278655605801776,2022–2023
0.9245035874320886,2022–2023
0.9061196244021613,2022–2023
0.8326516373877599,2022–2023
0.94486552020744,2022–2023
0.94969525484247,2022–2023
0.9773327661724783,2022–2023
0.9010922215849234,2022–2023
0.9125814741022917,2022–2023
0.8018697970686282,2022–2023
0.959063084195892,2022–2023
0.9336026785342613,2022–2023
0.8438986102293398,2022–2023
0.9069565339358484,2022–2023
0.9382681682723827,2022–2023
0.7976647687410203,2022–2023
0.9399649814530256,2022–2023
0.8189012137464863,2022–2023
0.8767714269358482,2022–2023
0.8571599285087949,2022–2023
0.768787083651413,2022–2023
0.8124682641958413,2022–2023
0.9115491275742711,2022–2023
0.9599627181293964,2022–2023
0.8842049253792255,2022–2023
0.9652250961108523,2022–2023
0.9114974827327317,2022–2023
0.9550647016954931,2022–2023
0.8471504912574515,2022–2023
0.9175203950122436,2022–2023
0.8892496115924882,2022–2023
0.9698950728204886,2022–2023
0.8614609714358968,2022–2023
0.9168967444365785,2022–2023
0.8931699992109264,2022–2023
0.9512686329760659,2022–2023
0.8095410447471502,2022–2023
0.973114707433252,2022–2023
0.912691252681194,2022–2023
0.8559913752206697,2022–2023
0.9257951313127583,2022–2023
0.9213904095750579,2022–2023
0.808541573780237,2022–2023
0.8857458449329032,2022–2023
0.7712389599046255,2022–2023
0.9286017309704216,2022–2023
0.9371700105089251,2022–2023
0.854808856974776,2022–2023
0.9272517685819313,2022–2023
0.9647508485230426,2022–2023
0.8519168749909382,2022–2023
0.7280836744925678,2022–2023
0.8519954471557342,2022–2023
0.9477282289093345,2022–2023
0.8854188482309956,2022–2023
0.9305863520697539,2022–2023
0.8966983848699508,2022–2023
0.8756833706648651,2022–2023
0.8461644542689988,2022–2023
0.931259886065388,2022–2023
0.8972398550282613,2022–2023
0.878434429506841,2022–2023
0.9673290234095389,2022–2023
0.9096512846522131,2022–2023
0.9102577694960394,2022–2023
0.8887276211443534,2022–2023
0.9847852802672722,2022–2023
0.9453921191176319,2022–2023
0.9581234896719393,2022–2023
0.8798115125226911,2022–2023
0.8303171642839032,2022–2023
0.8872063542167639,2022–2023
0.9582323686797578,2022–2023
0.9759371147590881,2022–2023
0.8873248109944102,2022–2023
0.9949377530989111,2022–2023
0.9062635307615869,2022–2023
0.9516470246366098,2022–2023
0.9957491215802998,2022–2023
0.8529125931536311,2022–2023
0.7991034333044009,2022–2023
0.8503225867318808,2022–2023
0.8659409544261154,2022–2023
0.9903005979148649,2022–2023
0.9301684929931704,2022–2023
0.9906035008914061,2022–2023
0.9624761188390485,2022–2023
0.8562105246141123,2022–2023
0.7454938053276736,2022–2023
0.9617018069745462,2022–2023
0.8408458658335095,2022–2023
0.9616054049391252,2022–2023
0.9967115007092292,2022–2023
0.8543380317994477,2022–2023
0.9065683623937956,2022–2023
0.8009365549986757,2022–2023
0.9381576960928442,2022–2023
0.9514270512577511,2022–2023
0.8296710779966326,2022–2023
0.8707441655239292,2022–2023
0.979313446373443,2022–2023
0.9727523294295948,2022–2023
0.9266628264205217,2022–2023
0.9139721289187396,2022–2023
0.8866102014491223,2022–2023
0.994074897128797,2022–2023
0.9696411179936588,2022–2023
0.8334917715275443,2022–2023
0.8645585639596663,2022–2023
0.9439799455195184,2022–2023
0.9865943033338082,2022–2023
0.8021029336846558,2022–2023
0.8622044639808093,2022–2023
0.9602328749106228,2022–2023
0.7682038813126725,2022–2023
0.9860330180454024,2022–2023
0.9189826298111602,2022–2023
0.8193969866119154,2022–2023
0.7349983899324154,2022–2023
0.9565211522354753,2022–2023
0.9073567267641373,2022–2023
0.9089002944690067,2022–2023
0.9192233998622901,2022–2023
0.9812095736010911,2022–2023
0.9062666192230645,2022–2023
0.9464972872956302,2022–2023
0.9107883779813588,2022–2023
0.8159623619738433,2022–2023
0.9030217588925494,2022–2023
0.9282626491657257,2022–2023
0.9090185660006976,2022–2023
0.9569216888347357,2022–2023
0.897913172150088,2022–2023
0.9669672780290357,2022–2023
0.8940356737629364,2022–2023
0.9589447834220711,2022–2023
0.930900506829937,2022–2023
0.9876402746960341,2022–2023
0.907570761283803,2022–2023
0.9959012505509658,2022–2023
0.8093645725369325,2022–2023
0.9195356443766985,2022–2023
0.8514807731545874,2022–2023
0.7593801490447049,2022–2023
0.8354628104640913,2022–2023
0.8368590080926751,2022–2023
0.8358355590276304,2022–2023
0.9234273529842997,2022–2023
0.7956603497595973,2022–2023
0.9277259287126908,2022–2023
0.9717694831009432,2022–2023
0.9462236608187881,2022–2023
0.8792303519960252,2022–2023
0.9721563213744435,2022–2023
0.95626342165353,2022–2023
0.8527224846231967,2022–2023
0.9746666252147101,2022–2023
0.9346999186425384,2022–2023
0.8793260146423124,2022–2023
0.8687235107932706,2022–2023
0.9111707515464013,2022–2023
0.9402225594586673,2022–2023
0.943714117155418,2022–2023
0.8528365192118857,2022–2023
0.9094169397232366,2022–2023
0.9758469245534525,2022–2023
0.8708260661063831,2022–2023
0.878590352050748,2022–2023
0.9782344669123266,2022–2023
0.8722303255931662,2022–2023
0.9904445132788294,2022–2023
0.8891092123828893,2022–2023
0.9342067282035872,2022–2023
0.9752291485826537,2022–2023
0.9849763583053749,2022–2023
0.9092416004431464,2022–2023
0.9115279601715827,2022–2023
0.8673359773665051,2022–2023
0.8594430260214685,2022–2023
0.810892633487895,2022–2023
0.9613120426842221,2022–2023
0.7705085650922248,2022–2023
0.8993679671390492,2022–2023
0.8037647187937326,2022–2023
0.8488900671574872,2022–2023
0.9038521163097342,2022–2023
0.970530043081758,2022–2023
0.9706483488044229,2022–2023
0.8032845130820958,2022–2023
0.8636478229534026,2022–2023
0.9019275099079513,2022–2023
0.8758141349003915,2022–2023
0.9560040950977091,2022–2023
0.9089943623609428,2022–2023
0.8409932098761049,2022–2023
0.8266211852655622,2022–2023
0.8244411560405911,2022–2023
0.8782945252684828,2022–2023
0.8542653950450265,2022–2023
0.790045500478698,2022–2023
0.9673118921925626,2022–2023
0.7966719824271097,2022–2023
0.9956612819589533,2022–2023
0.8280298515656986,2022–2023
0.8855669295013253,2022–2023
0.9509304930959271,2022–2023
0.8684829658580223,2022–2023
0.9633142214201653,2022–2023
0.9732110500871294,2022–2023
0.8920170142928902,2022–2023
0.8919937233275771,2022–2023
0.8441219555459222,2022–2023
0.9104145727627662,2022–2023
0.8821827219252448,2022–2023
0.8691457131765813,2022–2023
0.8368690664617114,2022–2023
0.8786269504586403,2022–2023
0.9036971005009048,2022–2023
0.98461634067337,2022–2023
0.8595774765952193,2022–2023
0.943806464071729,2022–2023
0.9181421851733388,2022–2023
0.8326351867628808,2022–2023
0.8885643162766915,2022–2023
0.9051855991887306,2022–2023
0.905840936053565,2022–2023
0.8931357300809122,2022–2023
0.9803478561683859,2022–2023
0.8123383760707749,2022–2023
0.8647718508343935,2022–2023
0.9560642205094771,2022–2023
0.8983389492088018,2022–2023
0.9210330797162141,2022–2023
0.8640300981818594,2022–2023
0.9288649248526097,2022–2023
0.7654095458656459,2022–2023
0.8255987483004318,2022–2023
0.9729878219395245,2022–2023
0.8892796059348599,2022–2023
0.8878347612104491,2022–2023
0.9682032960729128,2022–2023
0.927544045451304,2022–2023
0.8782311603326654,2022–2023
0.9894469729850621,2022–2023
0.8720907786832592,2022–2023
0.9460294050347335,2022–2023
0.8636902959092723,2022–2023
0.9228525588430857,2022–2023
0.9416897365008564,2022–2023
0.8201654194114681,2022–2023
0.9384835155233997,2022–2023
0.9340895470810912,2022–2023
0.942065927886746,2022–2023
0.9278119553325018,2022–2023
0.9347395687221114,2022–2023
0.8468951823248502,2022–2023
0.8420720282854598,2022–2023
0.857921196317687,2022–2023
0.9981790633101334,2022–2023
0.8167457484643555,2022–2023
0.9234374136566454,2022–2023
0.967243903739985,2022–2023
0.8271146135445038,2022–2023
0.8177217922146727,2022–2023
0.8049148405565633,2022–2023
0.825855152092691,2022–2023
0.9329779419157918,2022–2023
0.8551058483465152,2022–2023
0.8504120677986432,2022–2023
0.8187944891783382,2022–2023
0.9197991867776634,2022–2023
0.9643230444828432,2022–2023
0.812205933126405,2022–2023
0.9808155425565623,2022–2023
0.8506333518789836,2022–2023
0.9065933099628619,2022–2023
0.9002887928944739,2022–2023
0.9056223432978976,2022–2023
0.8397476406301125,2022–2023
0.8459996692707359,2022–2023
0.9814265644725911,2022–2023
0.8671832807220192,2022–2023
0.8996172601520954,2022–2023
0.9191444384549748,2022–2023
0.9748160389730851,2022–2023
0.896769855413879,2022–2023
0.9209072670918089,2022–2023
0.8522723962979595,2022–2023
0.9511302303448136,2022–2023
0.9646135267228882,2022–2023
0.8346189362045819,2022–2023
0.9328364109172957,2022–2023
0.8260048689499576,2022–2023
0.8645876665955242,2022–2023
0.9005443320758604,2022–2023
0.9104129492948543,2022–2023
0.8885797694448669,2022–2023
0.9213753972129405,2022–2023
0.8366101230631025,2022–2023
0.813490956229233,2022–2023
0.8116834657312116,2022–2023
0.8900506044885064,2022–2023
0.9552713068947293,2022–2023
0.8595466526669358,2022–2023
0.9217808567416501,2022–2023
0.8628350196381268,2022–2023
0.9482657387998727,2022–2023
0.8488847504607997,2022–2023
0.9412023447495484,2022–2023
0.8925789817372298,2022–2023
0.842065316366765,2022–2023
0.9230706095755614,2022–2023
0.8338329829111754,2022–2023
0.9149601745437214,2022–2023
0.977084253722008,2022–2023
0.9878607937735308,2022–2023
0.9404529579364631,2022–2023
0.8905381146706457,2022–2023
0.9196729534663735,2022–2023
0.8739550845783126,2022–2023
0.9883780225084638,2022–2023
0.8903318450192387,2022–2023
0.8983844316361248,2022–2023
0.8497831236211068,2022–2023
0.8691924786383904,2022–2023
0.8324824133686362,2022–2023
0.9342311369092554,2022–2023
0.8846358229312066,2022–2023
0.8301235054243494,2022–2023
0.7669259325388816,2022–2023
0.9070938311691837,2022–2023
0.9569093833333306,2022–2023
0.8280862251275717,2022–2023
0.7916780799936378,2022–2023
0.7862160292976128,2022–2023
0.7946942047435613,2022–2023
0.8550070859956121,2022–2023
0.8778148082941118,2022–2023
0.9419032174857291,2022–2023
0.8480850635351522,2022–2023
0.9817212320228682,2022–2023
0.9670642497193312,2022–2023
0.9159183250526509,2022–2023
0.8993933512422693,2022–2023
0.9750316795292101,2022–2023
0.8764616612429061,2022–2023
0.8599128136736877,2022–2023
0.9762833304057656,2022–2023
0.8658753172922994,2022–2023
0.9419131067193078,2022–2023
0.9888239076301627,2022–2023
0.8841324070317084,2022–2023
0.8547123804403259,2022–2023
0.7935780565629446,2022–2023
0.9117550592523225,2022–2023
0.9125145511872376,2022–2023
0.8709706326986032,2022–2023
0.867636413772777,2022–2023
0.8119710341156638,2022–2023
0.8848724386889442,2022–2023
0.8099960609062316,2022–2023
0.8888835724559992,2022–2023
0.9591799037518312,2022–2023
0.8730023272891428,2022–2023
0.9555559669220421,2022–2023
0.8439075319615023,2022–2023
0.9097039160386944,2022–2023
0.8848117629361435,2022–2023
0.952044544812739,2022–2023
0.8630193479112286,2022–2023
0.8667788703519312,2022–2023
0.9109153523527291,2022–2023
0.9329492683729074,2022–2023
0.9071253311314139,2022–2023
0.9848103089845671,2022–2023
0.9592763261484928,2022–2023
0.9843441447104383,2022–2023
0.8470800024118822,2022–2023
0.9332591702910278,2022–2023
0.8191760401388515,2022–2023
0.8388135813792132,2022–2023
0.9266299841330566,2022–2023
0.850126413231319,2022–2023
0.8505526924472971,2022–2023
0.9104652843277108,2022–2023
0.9832167599738456,2022–2023
0.8845742932040459,2022–2023
0.9004130782258066,2022–2023
0.9170389108796525,2022–2023
0.9508247289503563,2022–2023
0.9072706094981471,2022–2023
0.9653101941994782,2022–2023
0.8611734495025581,2022–2023
0.8814267210268758,2022–2023
0.9141072088250363,2022–2023
0.8628925288196125,2022–2023
0.8248545183095771,2022–2023
0.8599454031379464,2022–2023
0.8681571373815101,2022–2023
0.8302448721337115,2022–2023
0.9979204915233425,2022–2023
0.962912417936173,2022–2023
0.9511480200762351,2022–2023
0.9409454259736031,2022–2023
0.9136931307683315,2022–2023
0.9272919972505029,2022–2023
0.8374987733932164,2022–2023
0.8030395440319399,2022–2023
0.941512874563531,2022–2023
0.8504552493431536,2022–2023
0.9159825750558245,2022–2023
0.8440245020459102,2022–2023
0.907209633412976,2022–2023
0.9579473605589157,2022–2023
0.9307095892894551,2022–2023
0.8816417520086195,2022–2023
0.9478078828014652,2022–2023
0.9341845407831203,2022–2023
0.8282752266781169,2022–2023
0.7512059729264363,2022–2023
0.9693772209506105,2022–2023
0.835760135778679,2022–2023
0.8128594658162955,2022–2023
0.8153130897222415,2022–2023
0.9005355906911656,2022–2023
0.9562128834460983,2022–2023
0.9984516458500307,2022–2023
0.9105465825675844,2022–2023
0.8320225956028734,2022–2023
0.9112369094083803,2022–2023
0.9154803714458504,2022–2023
0.9564379626021737,2022–2023
0.8580931795402742,2022–2023
0.8814391647626565,2022–2023
0.987119355119442,2022–2023
0.901034919968222,2022–2023
0.9899038910361286,2022–2023
0.8986885265590249,2022–2023
0.8114984232666094,2022–2023
0.8820661700435065,2022–2023
0.8805681551157861,2022–2023
0.8538654200482145,2022–2023
0.8935196899588888,2022–2023
0.9505085204656315,2022–2023
0.9019196149310934,2022–2023
0.8535245464512885,2022–2023
0.9181013402608101,2022–2023
0.955422062725197,2022–2023
0.9118411977942169,2022–2023
0.8252085817081776,2022–2023
0.8604534687855475,2022–2023
0.8738579579729837,2022–2023
0.9016821852634788,2022–2023
0.8727730816891944,2022–2023
0.9496971466491874,2022–2023
0.9026907938733099,2022–2023
0.7974747295160463,2022–2023
0.9490297323056298,2022–2023
0.9719101239881315,2022–2023
0.9210217937195265,2022–2023
0.9043899476129247,2022–2023
0.8553596536708333,2022–2023
0.9311516795957503,2022–2023
0.9690001613933955,2022–2023
0.8262915558751139,2022–2023
0.8793311373269038,2022–2023
0.7677628854598455,2022–2023
0.9394176022886959,2022–2023
0.9422990019476174,2022–2023
0.9053995979951567,2022–2023
0.9826950553146466,2022–2023
0.891523664118024,2022–2023
0.9302029517495207,2022–2023
0.9446069043511871,2022–2023
0.9359397286254555,2022–2023
0.8608854444884464,2022–2023
0.9048154288670501,2022–2023
0.8762940742821066,2022–2023
0.8187950992575942,2022–2023
0.8320638208964405,2022–2023
0.9895787556656338,2022–2023
0.8656262595944866,2022–2023
0.8218410664855702,2022–2023
0.7885995601289744,2022–2023
0.8941370145709272,2022–2023
0.9936544555598267,2022–2023
0.7732207803973651,2022–2023
0.9701407932122263,2022–2023
0.905111732990309,2022–2023
0.9276663191674402,2022–2023
0.8059605648343973,2022–2023
0.9188403873559383,2022–2023
0.9954559223983629,2022–2023
0.8291008436323988,2022–2023
0.9419722144025493,2022–2023
0.9745374537990914,2022–2023
0.9823476651415846,2022–2023
0.8732877031381275,2022–2023
0.8500649689303375,2022–2023
0.9318530431692965,2022–2023
0.9194789711077515,2022–2023
0.9310307109033389,2022–2023
0.9436895713058845,2022–2023
0.9540992597113716,2022–2023
0.9779523064471256,2022–2023
0.96567437839803,2022–2023
0.8888368886131772,2022–2023
0.8091378272208043,2022–2023
0.8623053033208616,2022–2023
0.9366000354786431,2022–2023
0.8097964612347966,2022–2023
0.9574351420623689,2022–2023
0.8729034530462457,2022–2023
0.8767052003988277,2022–2023
0.853767665482367,2022–2023
0.889947314747345,2022–2023
0.9509452285107586,2022–2023
0.970306206625974,2022–2023
0.9651091722821616,2022–2023
0.9544446364429947,2022–2023
0.9504626308700367,2022–2023
0.8813112345358365,2022–2023
0.8940678002025222,2022–2023
0.9204116266577521,2022–2023
0.9142388950237658,2022–2023
0.7929688024762266,2022–2023
0.936290267695667,2022–2023
0.9697639850778521,2022–2023
0.9131693297702318,2022–2023
0.9626610662351608,2022–2023
0.9165314048836419,2022–2023
0.8798559983473592,2022–2023
0.8590775689574635,2022–2023
0.9163542663170199,2022–2023
0.9300370897688937,2022–2023
0.943971908960547,2022–2023
0.9672911882265234,2022–2023
0.8897264776317467,2022–2023
0.8555241006551085,2022–2023
0.9492787664696317,2022–2023
0.8330254090400165,2022–2023
0.9769698827699999,2022–2023
0.8383751739749982,2022–2023
0.977710363909181,2022–2023
0.8097785536032349,2022–2023
0.9125332209487151,2022–2023
0.985131094622686,2022–2023
0.8976874181364376,2022–2023
0.9847516980535268,2022–2023
0.9309477967648245,2022–2023
0.773576517146776,2022–2023
0.9270420325129725,2022–2023
0.8893505074655739,2022–2023
0.9397608975450482,2022–2023
0.9661926734352331,2022–2023
0.8486981775016001,2022–2023
0.9681471746979139,2022–2023
0.8259376597106125,2022–2023
0.9684400102933609,2022–2023
0.9672167251380674,2022–2023
0.9567031172673964,2022–2023
0.9714740422832111,2022–2023
0.9480395240900747,2022–2023
0.8319874361853593,2022–2023
0.8161126032898862,2022–2023
0.9207005001759444,2022–2023
0.8697798148414778,2022–2023
0.9209368295694264,2022–2023
0.8205892185746642,2022–2023
0.9140785533261413,2022–2023
0.919600117351433,2022–2023
0.9497535324473679,2022–2023
0.9894394117968054,2022–2023
0.9724428331716543,2022–2023
0.9087764396832558,2022–2023
0.8541377020973708,2022–2023
0.8839729956817449,2022–2023
0.9671715635321648,2022–2023
0.9553248353797616,2022–2023
0.9111216575320837,2022–2023
0.8637986064536919,2022–2023
0.9526706592464306,2022–2023
0.91623845838707485,2022–2023
0.9208178463779865,2022–2023
0.9402902734227601,2022–2023
0.83854103647886,2022–2023
0.8718178384764409,2022–2023
0.9273931108540732,2022–2023
0.952223540829592,2022–2023
0.9676542862094563,2022–2023
0.9489777960296384,2022–2023
0.8201149114269837,2022–2023
0.8286035996300873,2022–2023
0.9347966644420939,2022–2023
0.8750862695526925,2022–2023
0.957580693253071,2022–2023
0.9297774924081116,2022–2023
0.9318099435124562,2022–2023
0.9238861486592714,2022–2023
0.9362794932110142,2022–2023
0.7957391732852918,2022–2023
0.790891516751091,2022–2023
0.9822820907252942,2022–2023
0.9653177358318551,2022–2023
0.8197379734337161,2022–2023
0.89067913718315606,2022–2023
0.8267215609617505,2022–2023
0.9568924966717067,2022–2023
0.9477299450395306,2022–2023
0.906521088963497,2022–2023
0.9406346538254525,2022–2023
0.9627830294284448,2022–2023
0.8624741472782645,2022–2023
0.9646759348230683,2022–2023
0.953525882189614,2022–2023
0.9669605449015957,2022–2023
0.8255325939859063,2022–2023
0.9480888550460732,2022–2023
0.7698581233822005,2022–2023
0.8768676345666778,2022–2023
0.9934368658600218,2022–2023
0.8641029837443189,2022–2023
0.9758347413010908,2022–2023
0.9031045273910111,2022–2023
0.9379782673711692,2022–2023
0.9269092250135923,2022–2023
0.8597352319262023,2022–2023
0.9686255185382702,2022–2023
0.9686189228464098,2022–2023
0.8283115773538783,2022–2023
0.8924473094015046,2022–2023
0.8429236050206139,2022–2023
0.9847521529451446,2022–2023
0.9548295965776825,2022–2023
0.896233038096787,2022–2023
0.9578767184116763,2022–2023
0.9053170878322004,2022–2023
0.9183607655723262,2022–2023
0.9166554124240954,2022–2023
0.9137283928939206,2022–2023
0.9510906442680502,2022–2023
0.8390254021822107,2022–2023
0.9961590940238235,2022–2023
0.955460125558663,2022–2023
0.9164226769985996,2022–2023
0.8984282430990843,2022–2023
0.9770214893147062,2022–2023
0.8772926989694284,2022–2023
0.8333063722998935,2022–2023
0.8863761349889896,2022–2023
0.9052967918006666,2022–2023
0.9631544360334802,2022–2023
0.8221314954865424,2022–2023
0.8348846425972841,2022–2023
0.9662773630497523,2022–2023
0.8620243340169387,2022–2023
0.9146215853732362,2022–2023
0.8994407363007205,2022–2023
0.8984592413418521,2022–2023
0.8572308055181499,2022–2023
0.8436420993936894,2022–2023
0.9687433146863876,2022–2023
0.8094619407163423,2022–2023
0.9449271728801837,2022–2023
0.9620321978282975,2022–2023
0.7665549070457335,2022–2023
0.9544399248549356,2022–2023
0.9504497361581105,2022–2023
0.7680307273298305,2022–2023
0.8724307372089539,2022–2023
0.8531958669734822,2022–2023
0.8546498841421243,2022–2023
0.9766667953265933,2022–2023
0.9338461945887807,2022–2023
0.956907151844551,2022–2023
0.8134813928504598,2022–2023
0.969519585359542,2022–2023
0.8686260662085611,2022–2023
0.9219636334202359,2022–2023
0.84870538191885,2022–2023
0.9965645164356809,2022–2023
0.9720801662712796,2022–2023
0.8584678897410243,2022–2023
0.8466633649213814,2022–2023
0.7333054347476787,2022–2023
0.8189195880578636,2022–2023
0.8758502388039195,2022–2023
0.8697140195914447,2022–2023
0.8569213928155541,2022–2023
0.9023205289922404,2022–2023
0.8793636874364411,2022–2023
0.9216429931120109,2022–2023
0.8413630904848503,2022–2023
0.8196141336406989,2022–2023
0.9580611316961387,2022–2023
0.8297315919722675,2022–2023
0.9605525146119127,2022–2023
0.9930938158955969,2022–2023
0.9502632447986579,2022–2023
0.9525105797568174,2022–2023
0.905614349375538,2022–2023
0.9963252811325767,2022–2023
0.8157909007467606,2022–2023
0.8711798269749461,2022–2023
0.8726980180317554,2022–2023
0.8424456150663628,2022–2023
0.9406516682106549,2022–2023
0.8071279497803164,2022–2023
0.8314327032524814,2022–2023
0.9631892224088562,2022–2023
0.9282162246495076,2022–2023
0.9000523173721326,2022–2023
0.8068446986020678,2022–2023
0.7881453564440383,2022–2023
0.8572066539155878,2022–2023
0.8966465572317881,2022–2023
0.8787257797663951,2022–2023
0.8379805488332867,2022–2023
0.7824358314827871,2022–2023
0.9464644107486839,2022–2023
0.9036260258391708,2022–2023
0.8488660484029309,2022–2023
0.9352203950897764,2022–2023
0.872409896348324,2022–2023
0.8635710841930265,2022–2023
0.8015289320622053,2022–2023
0.9009731884285379,2022–2023
0.9358304763307571,2022–2023
0.8822962607013614,2022–2023
0.8202784962758574,2022–2023
0.8582054501570356,2022–2023
0.8395031588153411,2022–2023
0.9556808831380751,2022–2023
0.9325527951866894,2022–2023
0.9249386234999539,2022–2023
0.9143723843639908,2022–2023
0.8944549620335542,2022–2023
0.9438615646726832,2022–2023
0.8010870608182669,2022–2023
0.923930377027486,2022–2023
0.9049912000282615,2022–2023
0.9229118015842236,2022–2023
0.8360692067435492,2022–2023
0.7981861829756739,2022–2023
0.9264174233893228,2022–2023
0.8766605738910249,2022–2023
0.8549310967546903,2022–2023
0.9600299208864423,2022–2023
0.856703730918642,2022–2023
0.8667087286223628,2022–2023
0.9035757608257637,2022–2023
0.809372034457057,2022–2023
0.9583546302694915,2022–2023
0.8576343700008561,2022–2023
0.8437963908982672,2022–2023
0.8488637689992488,2022–2023
0.8754356725832058,2022–2023
0.9512003351495728,2022–2023
0.994824003873484,2022–2023
0.8361232377533535,2022–2023
0.9914356880755517,2022–2023
0.8677600141257855,2022–2023
0.9468134610234675,2022–2023
0.959971738268266,2022–2023
0.8492122197847737,2022–2023
0.8109674011515061,2022–2023
0.8544003392273041,2022–2023
0.8279907727578556,2022–2023
0.8424201000395777,2022–2023
0.7840921512064664,2022–2023
0.9242113517188904,2022–2023
0.8397250805537642,2022–2023
0.9388726160637175,2022–2023
0.9184723873454543,2022–2023
0.8795189743082178,2022–2023
0.9209634517897562,2022–2023
0.8382947962221076,2022–2023
0.9974833513195454,2022–2023
0.8616564499874867,2022–2023
0.9497142060243228,2022–2023
0.8175978160298482,2022–2023
0.8787255071551039,2022–2023
0.811517762124484,2022–2023
0.9626292551958952,2022–2023
0.8308104628472119,2022–2023
0.992931128846693,2022–2023
0.943134884731891,2022–2023
0.8564057975901788,2022–2023
0.8756392897523306,2022–2023
0.8397086343985571,2022–2023
0.9224092644979403,2022–2023
0.8313644199323329,2022–2023
0.8923499129457085,2022–2023
0.8266459254195331,2022–2023
0.9897479340655094,2022–2023
0.9609130904858099,2022–2023
0.9790061852624077,2022–2023
0.9762305217932978,2022–2023
0.8911696783231691,2022–2023
0.895859039323461,2022–2023
0.946190562438983,2022–2023
0.8500868276650485,2022–2023
0.9712421419866349,2022–2023
0.9175917951849366,2022–2023
0.847549593239858,2022–2023
0.9001617393703792,2022–2023
0.8296423466137576,2022–2023
0.7755088569170802,2022–2023
0.923316969410049,2022–2023
0.9221797350800879,2022–2023
0.9114116352701668,2022–2023
0.9155448696168418,2022–2023
0.9161618345654391,2022–2023
0.9462541095781947,2022–2023
0.8648367057624388,2022–2023
0.8647320293674776,2022–2023
0.8751832889062527,2022–2023
0.9363097171987887,2022–2023
0.8750611465210975,2022–2023
0.828074659116171,2022–2023
0.8148310330093275,2022–2023
0.9153443753087235,2022–2023
0.8675268105149477,2022–2023
0.9162415901259918,2022–2023
0.8290960319187675,2022–2023
0.8574658689805499,2022–2023
0.9601439246161876,2022–2023
0.9555122613436646,2022–2023
0.9435802314178935,2022–2023
0.8428515704647731,2022–2023
0.9517557177520272,2022–2023
0.8886987438349884,2022–2023
0.8829624377088608,2022–2023
0.8485451281202276,2022–2023
0.9492944515021001,2022–2023
0.8848296393287116,2022–2023
0.7871930159654195,2022–2023
0.9551828494353144,2022–2023
0.8924230112127225,2022–2023
0.9331489026134516,2022–2023
0.9310629509004749,2022–2023
0.8916608898546461,2022–2023
0.90581229314494,2022–2023
0.9014617458890093,2022–2023
0.84871777240082,2022–2023
0.8699335756818832,2022–2023
0.8659672633977418,2022–2023
0.8178924889267584,2022–2023
0.8479998350645945,2022–2023
0.8856703445979605,2022–2023
0.9195542912300215,2022–2023
0.919047216494945,2022–2023
0.8576691685183553,2022–2023
0.9112083079132749,2022–2023
0.9132277743610905,2022–2023
0.9012642987181365,2022–2023
0.8827318107690671,2022–2023
0.9198720250816673,2022–2023
0.9391976719536569,2022–2023
0.8696507790164434,2022–2023
0.8117534843125741,2022–2023
0.8648941908491921,2022–2023
0.897794994737504,2022–2023
0.8577127482874276,2022–2023
0.786251145778225,2022–2023
0.9624501002831137,2022–2023
0.8944193725040078,2022–2023
0.8113277832224499,2022–2023
0.7438249166891086,2022–2023
0.9593804212250054,2022–2023
0.876882443884228,2022–2023
0.8830754335686991,2022–2023
0.9722402824373971,2022–2023
0.8430458609051487,2022–2023
0.9178299506433137,2022–2023
0.8814107694984267,2022–2023
0.9527564448961229,2022–2023
0.9539461918735632,2022–2023
0.8711604381271971,2022–2023
0.9079118231342419,2022–2023
0.9413172747595909,2022–2023
0.8320449215238477,2022–2023
0.8683930040880316,2022–2023
0.8661593673287585,2022–2023
0.9311843340633074,2022–2023
0.9190258714407127,2022–2023
0.9021304393607146,2022–2023
0.8129389197908746,2022–2023
0.8786764651263063,2022–2023
0.963719247606465,2022–2023
0.9054708921691191,2022–2023
0.9003805776333853,2022–2023
0.9878110884681254,2022–2023
0.9358567461918446,2022–2023
0.8501679238077633,2022–2023
0.9607140921949735,2022–2023
0.8292081912689564,2022–2023
0.9577371940339062,2022–2023
0.8389485802931399,2022–2023
0.9211709327053755,2022–2023
0.9837725230046488,2022–2023
0.9339447538207633,2022–2023
